timeStamp,elapsed,label,responseCode,responseMessage,threadName,dataType,success,failureMessage,bytes,sentBytes,grpThreads,allThreads,URL,Latency,IdleTime,Connect
1639510388741,848,HTTP Request,200,,Customers Search 1-7,text,true,,1715,129,30,30,http://localhost:9090/v1/customers,824,0,1
1639510388674,916,HTTP Request,200,,Customers Search 1-5,text,true,,1715,129,30,30,http://localhost:9090/v1/customers,892,0,1
1639510388905,684,HTTP Request,200,,Customers Search 1-12,text,true,,1715,129,30,30,http://localhost:9090/v1/customers,660,0,1
1639510388940,651,HTTP Request,200,,Customers Search 1-13,text,true,,1715,129,30,30,http://localhost:9090/v1/customers,626,0,0
1639510388806,786,HTTP Request,200,,Customers Search 1-9,text,true,,1715,129,30,30,http://localhost:9090/v1/customers,759,0,1
1639510388872,724,HTTP Request,200,,Customers Search 1-11,text,true,,1715,129,30,30,http://localhost:9090/v1/customers,693,0,1
1639510388609,988,HTTP Request,200,,Customers Search 1-3,text,true,,1715,129,30,30,http://localhost:9090/v1/customers,956,0,1
1639510388575,1022,HTTP Request,200,,Customers Search 1-2,text,true,,1715,129,30,30,http://localhost:9090/v1/customers,990,0,1
1639510388840,757,HTTP Request,200,,Customers Search 1-10,text,true,,1715,129,30,30,http://localhost:9090/v1/customers,725,0,1
1639510388708,895,HTTP Request,200,,Customers Search 1-6,text,true,,1715,129,30,30,http://localhost:9090/v1/customers,857,0,0
1639510388545,1091,HTTP Request,200,,Customers Search 1-1,text,true,,1715,129,30,30,http://localhost:9090/v1/customers,1088,0,2
1639510389105,536,HTTP Request,200,,Customers Search 1-18,text,true,,1715,129,30,30,http://localhost:9090/v1/customers,534,0,0
1639510389137,518,HTTP Request,200,,Customers Search 1-19,text,true,,1715,129,30,30,http://localhost:9090/v1/customers,515,0,1
1639510389169,501,HTTP Request,200,,Customers Search 1-20,text,true,,1715,129,30,30,http://localhost:9090/v1/customers,490,0,1
1639510389038,662,HTTP Request,200,,Customers Search 1-16,text,true,,1715,129,30,30,http://localhost:9090/v1/customers,661,0,0
1639510388774,927,HTTP Request,200,,Customers Search 1-8,text,true,,1715,129,30,30,http://localhost:9090/v1/customers,925,0,1
1639510389203,498,HTTP Request,200,,Customers Search 1-21,text,true,,1715,129,30,30,http://localhost:9090/v1/customers,497,0,1
1639510388642,1061,HTTP Request,200,,Customers Search 1-4,text,true,,1715,129,30,30,http://localhost:9090/v1/customers,1057,0,1
1639510388972,747,HTTP Request,200,,Customers Search 1-14,text,true,,1715,129,30,30,http://localhost:9090/v1/customers,742,0,1
1639510389075,648,HTTP Request,200,,Customers Search 1-17,text,true,,1715,129,30,30,http://localhost:9090/v1/customers,600,0,1
1639510389005,726,HTTP Request,200,,Customers Search 1-15,text,true,,1715,129,30,30,http://localhost:9090/v1/customers,699,0,0
1639510389269,462,HTTP Request,200,,Customers Search 1-23,text,true,,1715,129,30,30,http://localhost:9090/v1/customers,461,0,1
1639510389235,509,HTTP Request,200,,Customers Search 1-22,text,true,,1715,129,30,30,http://localhost:9090/v1/customers,509,0,1
1639510389302,462,HTTP Request,200,,Customers Search 1-24,text,true,,1715,129,30,30,http://localhost:9090/v1/customers,461,0,0
1639510389591,183,HTTP Request,200,,Customers Search 1-12,text,true,,1715,129,30,30,http://localhost:9090/v1/customers,182,0,0
1639510389703,77,HTTP Request,200,,Customers Search 1-4,text,true,,1715,129,30,30,http://localhost:9090/v1/customers,75,0,0
1639510389593,194,HTTP Request,200,,Customers Search 1-9,text,true,,1715,129,30,30,http://localhost:9090/v1/customers,193,0,0
1639510389590,199,HTTP Request,200,,Customers Search 1-7,text,true,,1715,129,30,30,http://localhost:9090/v1/customers,198,0,0
1639510389368,425,HTTP Request,200,,Customers Search 1-26,text,true,,1715,129,30,30,http://localhost:9090/v1/customers,423,0,1
1639510389400,396,HTTP Request,200,,Customers Search 1-27,text,true,,1715,129,30,30,http://localhost:9090/v1/customers,380,0,1
1639510389434,362,HTTP Request,200,,Customers Search 1-28,text,true,,1715,129,30,30,http://localhost:9090/v1/customers,359,0,1
1639510389335,476,HTTP Request,200,,Customers Search 1-25,text,true,,1715,129,30,30,http://localhost:9090/v1/customers,473,0,0
1639510389598,226,HTTP Request,200,,Customers Search 1-10,text,true,,1715,129,30,30,http://localhost:9090/v1/customers,218,0,0
1639510389597,235,HTTP Request,200,,Customers Search 1-2,text,true,,1715,129,30,30,http://localhost:9090/v1/customers,234,0,0
1639510389596,243,HTTP Request,200,,Customers Search 1-11,text,true,,1715,129,30,30,http://localhost:9090/v1/customers,228,0,0
1639510389470,372,HTTP Request,200,,Customers Search 1-29,text,true,,1715,129,30,30,http://localhost:9090/v1/customers,372,0,1
1639510389604,247,HTTP Request,200,,Customers Search 1-6,text,true,,1715,129,30,30,http://localhost:9090/v1/customers,246,0,0
1639510389636,218,HTTP Request,200,,Customers Search 1-1,text,true,,1715,129,30,30,http://localhost:9090/v1/customers,217,0,0
1639510389642,257,HTTP Request,200,,Customers Search 1-18,text,true,,1715,129,30,30,http://localhost:9090/v1/customers,256,0,0
1639510389591,309,HTTP Request,200,,Customers Search 1-13,text,true,,1715,129,30,30,http://localhost:9090/v1/customers,308,0,0
1639510389591,309,HTTP Request,200,,Customers Search 1-5,text,true,,1715,129,30,30,http://localhost:9090/v1/customers,308,0,0
1639510389597,318,HTTP Request,200,,Customers Search 1-3,text,true,,1715,129,30,30,http://localhost:9090/v1/customers,312,0,0
1639510389655,276,HTTP Request,200,,Customers Search 1-19,text,true,,1715,129,30,30,http://localhost:9090/v1/customers,275,0,0
1639510389702,234,HTTP Request,200,,Customers Search 1-21,text,true,,1715,129,30,30,http://localhost:9090/v1/customers,228,0,0
1639510389671,273,HTTP Request,200,,Customers Search 1-20,text,true,,1715,129,30,30,http://localhost:9090/v1/customers,271,0,0
1639510389724,224,HTTP Request,200,,Customers Search 1-17,text,true,,1715,129,30,30,http://localhost:9090/v1/customers,223,0,0
1639510389731,229,HTTP Request,200,,Customers Search 1-15,text,true,,1715,129,30,30,http://localhost:9090/v1/customers,228,0,0
1639510389701,260,HTTP Request,200,,Customers Search 1-8,text,true,,1715,129,30,30,http://localhost:9090/v1/customers,259,0,0
1639510389731,235,HTTP Request,200,,Customers Search 1-23,text,true,,1715,129,30,30,http://localhost:9090/v1/customers,234,0,0
1639510389701,267,HTTP Request,200,,Customers Search 1-16,text,true,,1715,129,30,30,http://localhost:9090/v1/customers,266,0,0
1639510389745,233,HTTP Request,200,,Customers Search 1-22,text,true,,1715,129,30,30,http://localhost:9090/v1/customers,232,0,0
1639510389764,221,HTTP Request,200,,Customers Search 1-24,text,true,,1715,129,30,30,http://localhost:9090/v1/customers,220,0,0
1639510389774,222,HTTP Request,200,,Customers Search 1-12,text,true,,1715,129,30,30,http://localhost:9090/v1/customers,209,0,0
1639510389796,205,HTTP Request,200,,Customers Search 1-27,text,true,,1715,129,30,30,http://localhost:9090/v1/customers,200,0,0
1639510389788,217,HTTP Request,200,,Customers Search 1-9,text,true,,1715,129,30,30,http://localhost:9090/v1/customers,216,0,0
1639510389720,293,HTTP Request,200,,Customers Search 1-14,text,true,,1715,129,30,30,http://localhost:9090/v1/customers,274,0,0
1639510389793,223,HTTP Request,200,,Customers Search 1-26,text,true,,1715,129,30,30,http://localhost:9090/v1/customers,223,0,0
1639510389499,529,HTTP Request,200,,Customers Search 1-30,text,true,,1715,129,30,30,http://localhost:9090/v1/customers,514,0,1
1639510389797,242,HTTP Request,200,,Customers Search 1-28,text,true,,1715,129,30,30,http://localhost:9090/v1/customers,232,0,0
1639510389781,260,HTTP Request,200,,Customers Search 1-4,text,true,,1715,129,30,30,http://localhost:9090/v1/customers,239,0,0
1639510389811,236,HTTP Request,200,,Customers Search 1-25,text,true,,1715,129,30,30,http://localhost:9090/v1/customers,235,0,0
1639510389791,267,HTTP Request,200,,Customers Search 1-7,text,true,,1715,129,30,30,http://localhost:9090/v1/customers,259,0,0
1639510389824,237,HTTP Request,200,,Customers Search 1-10,text,true,,1715,129,30,30,http://localhost:9090/v1/customers,237,0,0
1639510389832,241,HTTP Request,200,,Customers Search 1-2,text,true,,1715,129,30,30,http://localhost:9090/v1/customers,240,0,0
1639510389855,221,HTTP Request,200,,Customers Search 1-1,text,true,,1715,129,30,30,http://localhost:9090/v1/customers,220,0,0
1639510389852,235,HTTP Request,200,,Customers Search 1-6,text,true,,1715,129,30,30,http://localhost:9090/v1/customers,232,0,0
1639510389899,191,HTTP Request,200,,Customers Search 1-18,text,true,,1715,129,30,30,http://localhost:9090/v1/customers,190,0,0
1639510389839,257,HTTP Request,200,,Customers Search 1-11,text,true,,1715,129,30,30,http://localhost:9090/v1/customers,253,0,0
1639510389843,264,HTTP Request,200,,Customers Search 1-29,text,true,,1715,129,30,30,http://localhost:9090/v1/customers,236,0,0
1639510389916,192,HTTP Request,200,,Customers Search 1-3,text,true,,1715,129,30,30,http://localhost:9090/v1/customers,192,0,0
1639510389901,210,HTTP Request,200,,Customers Search 1-5,text,true,,1715,129,30,30,http://localhost:9090/v1/customers,199,0,0
1639510389901,213,HTTP Request,200,,Customers Search 1-13,text,true,,1715,129,30,30,http://localhost:9090/v1/customers,206,0,0
1639510389932,194,HTTP Request,200,,Customers Search 1-19,text,true,,1715,129,30,30,http://localhost:9090/v1/customers,172,0,0
1639510389936,195,HTTP Request,200,,Customers Search 1-21,text,true,,1715,129,30,30,http://localhost:9090/v1/customers,194,0,0
1639510389944,200,HTTP Request,200,,Customers Search 1-20,text,true,,1715,129,30,30,http://localhost:9090/v1/customers,198,0,0
1639510389968,179,HTTP Request,200,,Customers Search 1-16,text,true,,1715,129,30,30,http://localhost:9090/v1/customers,174,0,0
1639510389969,180,HTTP Request,200,,Customers Search 1-23,text,true,,1715,129,30,30,http://localhost:9090/v1/customers,179,0,0
1639510389997,161,HTTP Request,200,,Customers Search 1-12,text,true,,1715,129,30,30,http://localhost:9090/v1/customers,161,0,0
1639510389961,204,HTTP Request,200,,Customers Search 1-15,text,true,,1715,129,30,30,http://localhost:9090/v1/customers,203,0,0
1639510389962,204,HTTP Request,200,,Customers Search 1-8,text,true,,1715,129,30,30,http://localhost:9090/v1/customers,198,0,0
1639510389985,190,HTTP Request,200,,Customers Search 1-24,text,true,,1715,129,30,30,http://localhost:9090/v1/customers,188,0,0
1639510389979,197,HTTP Request,200,,Customers Search 1-22,text,true,,1715,129,30,30,http://localhost:9090/v1/customers,194,0,0
1639510390014,188,HTTP Request,200,,Customers Search 1-14,text,true,,1715,129,30,30,http://localhost:9090/v1/customers,185,0,0
1639510390001,210,HTTP Request,200,,Customers Search 1-27,text,true,,1715,129,30,30,http://localhost:9090/v1/customers,198,0,0
1639510390005,211,HTTP Request,200,,Customers Search 1-9,text,true,,1715,129,30,30,http://localhost:9090/v1/customers,198,0,0
1639510390047,178,HTTP Request,200,,Customers Search 1-25,text,true,,1715,129,30,30,http://localhost:9090/v1/customers,177,0,0
1639510390041,186,HTTP Request,200,,Customers Search 1-4,text,true,,1715,129,30,30,http://localhost:9090/v1/customers,184,0,0
1639510390029,201,HTTP Request,200,,Customers Search 1-30,text,true,,1715,129,30,30,http://localhost:9090/v1/customers,201,0,0
1639510390087,153,HTTP Request,200,,Customers Search 1-6,text,true,,1715,129,30,30,http://localhost:9090/v1/customers,152,0,0
1639510390065,175,HTTP Request,200,,Customers Search 1-10,text,true,,1715,129,30,30,http://localhost:9090/v1/customers,174,0,0
1639510390017,231,HTTP Request,200,,Customers Search 1-26,text,true,,1715,129,30,30,http://localhost:9090/v1/customers,211,0,0
1639510390077,171,HTTP Request,200,,Customers Search 1-1,text,true,,1715,129,30,30,http://localhost:9090/v1/customers,171,0,0
1639510389948,301,HTTP Request,200,,Customers Search 1-17,text,true,,1715,129,30,30,http://localhost:9090/v1/customers,300,0,0
1639510390091,171,HTTP Request,200,,Customers Search 1-18,text,true,,1715,129,30,30,http://localhost:9090/v1/customers,170,0,0
1639510390058,224,HTTP Request,200,,Customers Search 1-7,text,true,,1715,129,30,30,http://localhost:9090/v1/customers,224,0,0
1639510390040,242,HTTP Request,200,,Customers Search 1-28,text,true,,1715,129,30,30,http://localhost:9090/v1/customers,241,0,0
1639510390074,214,HTTP Request,200,,Customers Search 1-2,text,true,,1715,129,30,30,http://localhost:9090/v1/customers,213,0,0
1639510390096,200,HTTP Request,200,,Customers Search 1-11,text,true,,1715,129,30,30,http://localhost:9090/v1/customers,199,0,0
1639510390109,198,HTTP Request,200,,Customers Search 1-3,text,true,,1715,129,30,30,http://localhost:9090/v1/customers,198,0,0
1639510390111,199,HTTP Request,200,,Customers Search 1-5,text,true,,1715,129,30,30,http://localhost:9090/v1/customers,198,0,0
1639510390108,218,HTTP Request,200,,Customers Search 1-29,text,true,,1715,129,30,30,http://localhost:9090/v1/customers,212,0,0
1639510390132,198,HTTP Request,200,,Customers Search 1-21,text,true,,1715,129,30,30,http://localhost:9090/v1/customers,197,0,0
1639510390114,230,HTTP Request,200,,Customers Search 1-13,text,true,,1715,129,30,30,http://localhost:9090/v1/customers,229,0,0
1639510390127,221,HTTP Request,200,,Customers Search 1-19,text,true,,1715,129,30,30,http://localhost:9090/v1/customers,220,0,0
1639510390162,194,HTTP Request,200,,Customers Search 1-12,text,true,,1715,129,30,30,http://localhost:9090/v1/customers,193,0,0
1639510390148,214,HTTP Request,200,,Customers Search 1-16,text,true,,1715,129,30,30,http://localhost:9090/v1/customers,214,0,0
1639510390166,205,HTTP Request,200,,Customers Search 1-15,text,true,,1715,129,30,30,http://localhost:9090/v1/customers,204,0,0
1639510390145,228,HTTP Request,200,,Customers Search 1-20,text,true,,1715,129,30,30,http://localhost:9090/v1/customers,226,0,0
1639510390149,232,HTTP Request,200,,Customers Search 1-23,text,true,,1715,129,30,30,http://localhost:9090/v1/customers,231,0,0
1639510390166,218,HTTP Request,200,,Customers Search 1-8,text,true,,1715,129,30,30,http://localhost:9090/v1/customers,205,0,0
1639510390177,222,HTTP Request,200,,Customers Search 1-22,text,true,,1715,129,30,30,http://localhost:9090/v1/customers,219,0,0
1639510390176,231,HTTP Request,200,,Customers Search 1-24,text,true,,1715,129,30,30,http://localhost:9090/v1/customers,218,0,0
1639510390225,190,HTTP Request,200,,Customers Search 1-25,text,true,,1715,129,30,30,http://localhost:9090/v1/customers,190,0,0
1639510390212,203,HTTP Request,200,,Customers Search 1-27,text,true,,1715,129,30,30,http://localhost:9090/v1/customers,203,0,0
1639510390203,220,HTTP Request,200,,Customers Search 1-14,text,true,,1715,129,30,30,http://localhost:9090/v1/customers,212,0,0
1639510390216,212,HTTP Request,200,,Customers Search 1-9,text,true,,1715,129,30,30,http://localhost:9090/v1/customers,203,0,0
1639510390230,200,HTTP Request,200,,Customers Search 1-30,text,true,,1715,129,30,30,http://localhost:9090/v1/customers,194,0,0
1639510390241,189,HTTP Request,200,,Customers Search 1-6,text,true,,1715,129,30,30,http://localhost:9090/v1/customers,179,0,0
1639510390241,192,HTTP Request,200,,Customers Search 1-10,text,true,,1715,129,30,30,http://localhost:9090/v1/customers,191,0,0
1639510390283,178,HTTP Request,200,,Customers Search 1-28,text,true,,1715,129,30,30,http://localhost:9090/v1/customers,176,0,0
1639510390249,213,HTTP Request,200,,Customers Search 1-1,text,true,,1715,129,30,30,http://localhost:9090/v1/customers,199,0,0
1639510390372,97,HTTP Request,200,,Customers Search 1-15,text,true,,1715,129,30,30,http://localhost:9090/v1/customers,96,0,0
1639510390297,176,HTTP Request,200,,Customers Search 1-11,text,true,,1715,129,30,30,http://localhost:9090/v1/customers,174,0,0
1639510390282,208,HTTP Request,200,,Customers Search 1-7,text,true,,1715,129,30,30,http://localhost:9090/v1/customers,207,0,0
1639510390249,258,HTTP Request,200,,Customers Search 1-17,text,true,,1715,129,30,30,http://localhost:9090/v1/customers,243,0,0
1639510390326,192,HTTP Request,200,,Customers Search 1-29,text,true,,1715,129,30,30,http://localhost:9090/v1/customers,162,0,0
1639510390263,255,HTTP Request,200,,Customers Search 1-18,text,true,,1715,129,30,30,http://localhost:9090/v1/customers,229,0,0
1639510390248,270,HTTP Request,200,,Customers Search 1-26,text,true,,1715,129,30,30,http://localhost:9090/v1/customers,241,0,0
1639510390308,220,HTTP Request,200,,Customers Search 1-3,text,true,,1715,129,30,30,http://localhost:9090/v1/customers,214,0,0
1639510390311,219,HTTP Request,200,,Customers Search 1-5,text,true,,1715,129,30,30,http://localhost:9090/v1/customers,214,0,0
1639510390373,159,HTTP Request,200,,Customers Search 1-20,text,true,,1715,129,30,30,http://localhost:9090/v1/customers,158,0,0
1639510390344,200,HTTP Request,200,,Customers Search 1-13,text,true,,1715,129,30,30,http://localhost:9090/v1/customers,200,0,0
1639510390227,318,HTTP Request,200,,Customers Search 1-4,text,true,,1715,129,30,30,http://localhost:9090/v1/customers,316,0,0
1639510390330,233,HTTP Request,200,,Customers Search 1-21,text,true,,1715,129,30,30,http://localhost:9090/v1/customers,214,0,0
1639510390356,209,HTTP Request,200,,Customers Search 1-12,text,true,,1715,129,30,30,http://localhost:9090/v1/customers,207,0,0
1639510390389,177,HTTP Request,200,,Customers Search 1-8,text,true,,1715,129,30,30,http://localhost:9090/v1/customers,176,0,0
1639510390363,210,HTTP Request,200,,Customers Search 1-16,text,true,,1715,129,30,30,http://localhost:9090/v1/customers,200,0,0
1639510390348,231,HTTP Request,200,,Customers Search 1-19,text,true,,1715,129,30,30,http://localhost:9090/v1/customers,230,0,0
1639510390416,173,HTTP Request,200,,Customers Search 1-27,text,true,,1715,129,30,30,http://localhost:9090/v1/customers,161,0,0
1639510390288,307,HTTP Request,200,,Customers Search 1-2,text,true,,1715,129,30,30,http://localhost:9090/v1/customers,306,0,0
1639510390407,195,HTTP Request,200,,Customers Search 1-24,text,true,,1715,129,30,30,http://localhost:9090/v1/customers,194,0,0
1639510390382,230,HTTP Request,200,,Customers Search 1-23,text,true,,1715,129,30,30,http://localhost:9090/v1/customers,214,0,0
1639510390400,219,HTTP Request,200,,Customers Search 1-22,text,true,,1715,129,30,30,http://localhost:9090/v1/customers,213,0,0
1639510390461,162,HTTP Request,200,,Customers Search 1-28,text,true,,1715,129,30,30,http://localhost:9090/v1/customers,161,0,0
1639510390416,208,HTTP Request,200,,Customers Search 1-25,text,true,,1715,129,30,30,http://localhost:9090/v1/customers,206,0,0
1639510390431,213,HTTP Request,200,,Customers Search 1-30,text,true,,1715,129,30,30,http://localhost:9090/v1/customers,184,0,0
1639510390424,222,HTTP Request,200,,Customers Search 1-14,text,true,,1715,129,30,30,http://localhost:9090/v1/customers,193,0,0
1639510390473,187,HTTP Request,200,,Customers Search 1-11,text,true,,1715,129,30,30,http://localhost:9090/v1/customers,186,0,0
1639510390519,149,HTTP Request,200,,Customers Search 1-18,text,true,,1715,129,30,30,http://localhost:9090/v1/customers,148,0,0
1639510390433,245,HTTP Request,200,,Customers Search 1-10,text,true,,1715,129,30,30,http://localhost:9090/v1/customers,243,0,0
1639510390429,250,HTTP Request,200,,Customers Search 1-9,text,true,,1715,129,30,30,http://localhost:9090/v1/customers,238,0,0
1639510390431,261,HTTP Request,200,,Customers Search 1-6,text,true,,1715,129,30,30,http://localhost:9090/v1/customers,260,0,0
1639510390490,203,HTTP Request,200,,Customers Search 1-7,text,true,,1715,129,30,30,http://localhost:9090/v1/customers,202,0,0
1639510390507,190,HTTP Request,200,,Customers Search 1-17,text,true,,1715,129,30,30,http://localhost:9090/v1/customers,189,0,0
1639510390463,244,HTTP Request,200,,Customers Search 1-1,text,true,,1715,129,30,30,http://localhost:9090/v1/customers,244,0,0
1639510390519,197,HTTP Request,200,,Customers Search 1-26,text,true,,1715,129,30,30,http://localhost:9090/v1/customers,196,0,0
1639510390529,195,HTTP Request,200,,Customers Search 1-3,text,true,,1715,129,30,30,http://localhost:9090/v1/customers,193,0,0
1639510390519,212,HTTP Request,200,,Customers Search 1-29,text,true,,1715,129,30,30,http://localhost:9090/v1/customers,212,0,0
1639510390469,272,HTTP Request,200,,Customers Search 1-15,text,true,,1715,129,30,30,http://localhost:9090/v1/customers,252,0,0
1639510390545,200,HTTP Request,200,,Customers Search 1-13,text,true,,1715,129,30,30,http://localhost:9090/v1/customers,199,0,0
1639510390532,216,HTTP Request,200,,Customers Search 1-20,text,true,,1715,129,30,30,http://localhost:9090/v1/customers,215,0,0
1639510390545,214,HTTP Request,200,,Customers Search 1-4,text,true,,1715,129,30,30,http://localhost:9090/v1/customers,213,0,0
1639510390530,229,HTTP Request,200,,Customers Search 1-5,text,true,,1715,129,30,30,http://localhost:9090/v1/customers,228,0,0
1639510390565,200,HTTP Request,200,,Customers Search 1-12,text,true,,1715,129,30,30,http://localhost:9090/v1/customers,197,0,0
1639510390563,210,HTTP Request,200,,Customers Search 1-21,text,true,,1715,129,30,30,http://localhost:9090/v1/customers,209,0,0
1639510390566,211,HTTP Request,200,,Customers Search 1-8,text,true,,1715,129,30,30,http://localhost:9090/v1/customers,210,0,0
1639510390580,211,HTTP Request,200,,Customers Search 1-19,text,true,,1715,129,30,30,http://localhost:9090/v1/customers,209,0,0
1639510390574,221,HTTP Request,200,,Customers Search 1-16,text,true,,1715,129,30,30,http://localhost:9090/v1/customers,216,0,0
1639510390623,176,HTTP Request,200,,Customers Search 1-28,text,true,,1715,129,30,30,http://localhost:9090/v1/customers,171,0,0
1639510390595,217,HTTP Request,200,,Customers Search 1-2,text,true,,1715,129,30,30,http://localhost:9090/v1/customers,216,0,0
1639510390619,204,HTTP Request,200,,Customers Search 1-22,text,true,,1715,129,30,30,http://localhost:9090/v1/customers,202,0,0
1639510390590,234,HTTP Request,200,,Customers Search 1-27,text,true,,1715,129,30,30,http://localhost:9090/v1/customers,234,0,0
1639510390612,219,HTTP Request,200,,Customers Search 1-23,text,true,,1715,129,30,30,http://localhost:9090/v1/customers,211,0,0
1639510390624,215,HTTP Request,200,,Customers Search 1-25,text,true,,1715,129,30,30,http://localhost:9090/v1/customers,209,0,0
1639510390603,238,HTTP Request,200,,Customers Search 1-24,text,true,,1715,129,30,30,http://localhost:9090/v1/customers,237,0,0
1639510390646,206,HTTP Request,200,,Customers Search 1-14,text,true,,1715,129,30,30,http://localhost:9090/v1/customers,203,0,0
1639510390661,197,HTTP Request,200,,Customers Search 1-11,text,true,,1715,129,30,30,http://localhost:9090/v1/customers,182,0,0
1639510390680,188,HTTP Request,200,,Customers Search 1-10,text,true,,1715,129,30,30,http://localhost:9090/v1/customers,186,0,0
1639510390697,172,HTTP Request,200,,Customers Search 1-17,text,true,,1715,129,30,30,http://localhost:9090/v1/customers,171,0,0
1639510390669,200,HTTP Request,200,,Customers Search 1-18,text,true,,1715,129,30,30,http://localhost:9090/v1/customers,194,0,0
1639510390694,198,HTTP Request,200,,Customers Search 1-7,text,true,,1715,129,30,30,http://localhost:9090/v1/customers,197,0,0
1639510390708,186,HTTP Request,200,,Customers Search 1-1,text,true,,1715,129,30,30,http://localhost:9090/v1/customers,185,0,0
1639510390745,152,HTTP Request,200,,Customers Search 1-13,text,true,,1715,129,30,30,http://localhost:9090/v1/customers,151,0,0
1639510390716,187,HTTP Request,200,,Customers Search 1-26,text,true,,1715,129,30,30,http://localhost:9090/v1/customers,185,0,0
1639510390692,214,HTTP Request,200,,Customers Search 1-6,text,true,,1715,129,30,30,http://localhost:9090/v1/customers,206,0,0
1639510390742,179,HTTP Request,200,,Customers Search 1-15,text,true,,1715,129,30,30,http://localhost:9090/v1/customers,178,0,0
1639510390724,206,HTTP Request,200,,Customers Search 1-3,text,true,,1715,129,30,30,http://localhost:9090/v1/customers,199,0,0
1639510390732,201,HTTP Request,200,,Customers Search 1-29,text,true,,1715,129,30,30,http://localhost:9090/v1/customers,197,0,0
1639510390644,300,HTTP Request,200,,Customers Search 1-30,text,true,,1715,129,30,30,http://localhost:9090/v1/customers,284,0,0
1639510390749,198,HTTP Request,200,,Customers Search 1-20,text,true,,1715,129,30,30,http://localhost:9090/v1/customers,178,0,0
1639510390766,185,HTTP Request,200,,Customers Search 1-12,text,true,,1715,129,30,30,http://localhost:9090/v1/customers,185,0,0
1639510390759,193,HTTP Request,200,,Customers Search 1-4,text,true,,1715,129,30,30,http://localhost:9090/v1/customers,192,0,0
1639510390759,193,HTTP Request,200,,Customers Search 1-5,text,true,,1715,129,30,30,http://localhost:9090/v1/customers,193,0,0
1639510390777,183,HTTP Request,200,,Customers Search 1-8,text,true,,1715,129,30,30,http://localhost:9090/v1/customers,182,0,0
1639510390791,170,HTTP Request,200,,Customers Search 1-19,text,true,,1715,129,30,30,http://localhost:9090/v1/customers,169,0,0
1639510390680,281,HTTP Request,200,,Customers Search 1-9,text,true,,1715,129,30,30,http://localhost:9090/v1/customers,276,0,0
1639510390774,191,HTTP Request,200,,Customers Search 1-21,text,true,,1715,129,30,30,http://localhost:9090/v1/customers,190,0,0
1639510390799,174,HTTP Request,200,,Customers Search 1-28,text,true,,1715,129,30,30,http://localhost:9090/v1/customers,173,0,0
1639510390813,161,HTTP Request,200,,Customers Search 1-2,text,true,,1715,129,30,30,http://localhost:9090/v1/customers,161,0,0
1639510390796,180,HTTP Request,200,,Customers Search 1-16,text,true,,1715,129,30,30,http://localhost:9090/v1/customers,179,0,0
1639510390823,5017,HTTP Request,429,,Customers Search 1-22,text,false,,460,129,30,30,http://localhost:9090/v1/customers,5016,0,0
1639510390825,5016,HTTP Request,429,,Customers Search 1-27,text,false,,460,129,30,30,http://localhost:9090/v1/customers,5014,0,0
1639510390831,5010,HTTP Request,429,,Customers Search 1-23,text,false,,460,129,30,30,http://localhost:9090/v1/customers,5008,0,0
1639510390839,5010,HTTP Request,429,,Customers Search 1-25,text,false,,460,129,30,30,http://localhost:9090/v1/customers,5010,0,0
1639510390841,5012,HTTP Request,429,,Customers Search 1-24,text,false,,460,129,30,30,http://localhost:9090/v1/customers,5011,0,0
1639510390852,5005,HTTP Request,429,,Customers Search 1-14,text,false,,460,129,30,30,http://localhost:9090/v1/customers,5005,0,0
1639510390858,5008,HTTP Request,429,,Customers Search 1-11,text,false,,460,129,30,30,http://localhost:9090/v1/customers,5008,0,0
1639510390869,5005,HTTP Request,429,,Customers Search 1-18,text,false,,460,129,30,30,http://localhost:9090/v1/customers,5005,0,0
1639510390869,5005,HTTP Request,429,,Customers Search 1-17,text,false,,460,129,30,30,http://localhost:9090/v1/customers,5005,0,0
1639510390868,5021,HTTP Request,429,,Customers Search 1-10,text,false,,460,129,30,30,http://localhost:9090/v1/customers,5020,0,0
1639510390894,5005,HTTP Request,429,,Customers Search 1-1,text,false,,460,129,30,30,http://localhost:9090/v1/customers,5004,0,0
1639510390893,5008,HTTP Request,429,,Customers Search 1-7,text,false,,460,129,30,30,http://localhost:9090/v1/customers,5007,0,0
1639510390897,5007,HTTP Request,429,,Customers Search 1-13,text,false,,460,129,30,30,http://localhost:9090/v1/customers,5006,0,0
1639510390904,5007,HTTP Request,429,,Customers Search 1-26,text,false,,460,129,30,30,http://localhost:9090/v1/customers,5006,0,0
1639510390906,5006,HTTP Request,429,,Customers Search 1-6,text,false,,460,129,30,30,http://localhost:9090/v1/customers,5005,0,0
1639510390922,5007,HTTP Request,429,,Customers Search 1-15,text,false,,460,129,30,30,http://localhost:9090/v1/customers,5006,0,0
1639510390930,5007,HTTP Request,429,,Customers Search 1-3,text,false,,460,129,30,30,http://localhost:9090/v1/customers,5006,0,0
1639510390933,5007,HTTP Request,429,,Customers Search 1-29,text,false,,460,129,30,30,http://localhost:9090/v1/customers,5006,0,0
1639510390947,5006,HTTP Request,429,,Customers Search 1-20,text,false,,460,129,30,30,http://localhost:9090/v1/customers,5006,0,0
1639510390945,5012,HTTP Request,429,,Customers Search 1-30,text,false,,460,129,30,30,http://localhost:9090/v1/customers,5011,0,0
1639510390952,5005,HTTP Request,429,,Customers Search 1-12,text,false,,460,129,30,30,http://localhost:9090/v1/customers,5004,0,0
1639510390954,5005,HTTP Request,429,,Customers Search 1-5,text,false,,460,129,30,30,http://localhost:9090/v1/customers,5004,0,0
1639510390953,5008,HTTP Request,429,,Customers Search 1-4,text,false,,460,129,30,30,http://localhost:9090/v1/customers,5006,0,0
1639510390960,5005,HTTP Request,429,,Customers Search 1-8,text,false,,460,129,30,30,http://localhost:9090/v1/customers,5004,0,0
1639510390962,5006,HTTP Request,429,,Customers Search 1-9,text,false,,460,129,30,30,http://localhost:9090/v1/customers,5005,0,0
1639510390961,5008,HTTP Request,429,,Customers Search 1-19,text,false,,460,129,30,30,http://localhost:9090/v1/customers,5007,0,0
1639510390965,5006,HTTP Request,429,,Customers Search 1-21,text,false,,460,129,30,30,http://localhost:9090/v1/customers,5005,0,0
1639510390973,5005,HTTP Request,429,,Customers Search 1-28,text,false,,460,129,30,30,http://localhost:9090/v1/customers,5005,0,0
1639510390974,5007,HTTP Request,429,,Customers Search 1-2,text,false,,460,129,30,30,http://localhost:9090/v1/customers,5006,0,0
1639510390976,5006,HTTP Request,429,,Customers Search 1-16,text,false,,460,129,30,30,http://localhost:9090/v1/customers,5005,0,0
1639510395841,5005,HTTP Request,429,,Customers Search 1-22,text,false,,460,129,30,30,http://localhost:9090/v1/customers,5004,0,0
1639510395841,5005,HTTP Request,429,,Customers Search 1-27,text,false,,460,129,30,30,http://localhost:9090/v1/customers,5004,0,0
1639510395842,5006,HTTP Request,429,,Customers Search 1-23,text,false,,460,129,30,30,http://localhost:9090/v1/customers,5005,0,0
1639510395850,5005,HTTP Request,429,,Customers Search 1-25,text,false,,460,129,30,30,http://localhost:9090/v1/customers,5005,0,0
1639510395853,5005,HTTP Request,429,,Customers Search 1-24,text,false,,460,129,30,30,http://localhost:9090/v1/customers,5004,0,0
1639510395858,5004,HTTP Request,429,,Customers Search 1-14,text,false,,460,129,30,30,http://localhost:9090/v1/customers,5003,0,0
1639510395867,5005,HTTP Request,429,,Customers Search 1-11,text,false,,460,129,30,30,http://localhost:9090/v1/customers,5004,0,0
1639510395875,5006,HTTP Request,429,,Customers Search 1-17,text,false,,460,129,30,30,http://localhost:9090/v1/customers,5005,0,0
1639510395875,5006,HTTP Request,429,,Customers Search 1-18,text,false,,460,129,30,30,http://localhost:9090/v1/customers,5005,0,0
1639510395889,5006,HTTP Request,429,,Customers Search 1-10,text,false,,460,129,30,30,http://localhost:9090/v1/customers,5005,0,0
1639510395900,5007,HTTP Request,429,,Customers Search 1-1,text,false,,460,129,30,30,http://localhost:9090/v1/customers,5006,0,0
1639510395901,5007,HTTP Request,429,,Customers Search 1-7,text,false,,460,129,30,30,http://localhost:9090/v1/customers,5006,0,0
1639510395904,5005,HTTP Request,429,,Customers Search 1-13,text,false,,460,129,30,30,http://localhost:9090/v1/customers,5004,0,0
1639510395911,5006,HTTP Request,429,,Customers Search 1-26,text,false,,460,129,30,30,http://localhost:9090/v1/customers,5005,0,0
1639510395913,5005,HTTP Request,429,,Customers Search 1-6,text,false,,460,129,30,30,http://localhost:9090/v1/customers,5004,0,0
1639510395929,5007,HTTP Request,429,,Customers Search 1-15,text,false,,460,129,30,30,http://localhost:9090/v1/customers,5006,0,0
1639510395937,5006,HTTP Request,429,,Customers Search 1-3,text,false,,460,129,30,30,http://localhost:9090/v1/customers,5005,0,0
1639510395940,5006,HTTP Request,429,,Customers Search 1-29,text,false,,460,129,30,30,http://localhost:9090/v1/customers,5005,0,0
1639510395954,5005,HTTP Request,429,,Customers Search 1-20,text,false,,460,129,30,30,http://localhost:9090/v1/customers,5005,0,0
1639510395957,5007,HTTP Request,429,,Customers Search 1-30,text,false,,460,129,30,30,http://localhost:9090/v1/customers,5006,0,0
1639510395957,5008,HTTP Request,429,,Customers Search 1-12,text,false,,460,129,30,30,http://localhost:9090/v1/customers,5007,0,0
1639510395959,5006,HTTP Request,429,,Customers Search 1-5,text,false,,460,129,30,30,http://localhost:9090/v1/customers,5005,0,0
1639510395961,5006,HTTP Request,429,,Customers Search 1-4,text,false,,460,129,30,30,http://localhost:9090/v1/customers,5005,0,0
1639510395966,5005,HTTP Request,429,,Customers Search 1-8,text,false,,460,129,30,30,http://localhost:9090/v1/customers,5005,0,0
1639510395968,5006,HTTP Request,429,,Customers Search 1-9,text,false,,460,129,30,30,http://localhost:9090/v1/customers,5005,0,0
1639510395970,5005,HTTP Request,429,,Customers Search 1-19,text,false,,460,129,30,30,http://localhost:9090/v1/customers,5004,0,0
1639510395971,5005,HTTP Request,429,,Customers Search 1-21,text,false,,460,129,30,30,http://localhost:9090/v1/customers,5005,0,0
1639510395979,5006,HTTP Request,429,,Customers Search 1-28,text,false,,460,129,30,30,http://localhost:9090/v1/customers,5005,0,0
1639510395981,5006,HTTP Request,429,,Customers Search 1-2,text,false,,460,129,30,30,http://localhost:9090/v1/customers,5005,0,0
1639510395982,5005,HTTP Request,429,,Customers Search 1-16,text,false,,460,129,30,30,http://localhost:9090/v1/customers,5004,0,0
1639510400847,5007,HTTP Request,429,,Customers Search 1-27,text,false,,460,129,30,30,http://localhost:9090/v1/customers,5006,0,0
1639510400848,5006,HTTP Request,429,,Customers Search 1-23,text,false,,460,129,30,30,http://localhost:9090/v1/customers,5005,0,0
1639510400847,5007,HTTP Request,429,,Customers Search 1-22,text,false,,460,129,30,30,http://localhost:9090/v1/customers,5006,0,0
1639510400856,5005,HTTP Request,429,,Customers Search 1-25,text,false,,460,129,30,30,http://localhost:9090/v1/customers,5004,0,0
1639510400858,5004,HTTP Request,429,,Customers Search 1-24,text,false,,460,129,30,30,http://localhost:9090/v1/customers,5004,0,0
1639510400862,5004,HTTP Request,429,,Customers Search 1-14,text,false,,460,129,30,30,http://localhost:9090/v1/customers,5004,0,0
1639510400872,5005,HTTP Request,429,,Customers Search 1-11,text,false,,460,129,30,30,http://localhost:9090/v1/customers,5004,0,0
1639510400881,5005,HTTP Request,429,,Customers Search 1-18,text,false,,460,129,30,30,http://localhost:9090/v1/customers,5004,0,0
1639510400881,5005,HTTP Request,429,,Customers Search 1-17,text,false,,460,129,30,30,http://localhost:9090/v1/customers,5004,0,0
1639510400895,5005,HTTP Request,429,,Customers Search 1-10,text,false,,460,129,30,30,http://localhost:9090/v1/customers,5004,0,0
1639510400907,5005,HTTP Request,429,,Customers Search 1-1,text,false,,460,129,30,30,http://localhost:9090/v1/customers,5005,0,0
1639510400908,5006,HTTP Request,429,,Customers Search 1-7,text,false,,460,129,30,30,http://localhost:9090/v1/customers,5006,0,0
1639510400909,5006,HTTP Request,429,,Customers Search 1-13,text,false,,460,129,30,30,http://localhost:9090/v1/customers,5005,0,0
1639510400918,5004,HTTP Request,429,,Customers Search 1-26,text,false,,460,129,30,30,http://localhost:9090/v1/customers,5003,0,0
1639510400918,5005,HTTP Request,429,,Customers Search 1-6,text,false,,460,129,30,30,http://localhost:9090/v1/customers,5004,0,0
1639510400936,5006,HTTP Request,429,,Customers Search 1-15,text,false,,460,129,30,30,http://localhost:9090/v1/customers,5005,0,0
1639510400943,5006,HTTP Request,429,,Customers Search 1-3,text,false,,460,129,30,30,http://localhost:9090/v1/customers,5005,0,0
1639510400947,5004,HTTP Request,429,,Customers Search 1-29,text,false,,460,129,30,30,http://localhost:9090/v1/customers,5004,0,0
1639510400960,5005,HTTP Request,429,,Customers Search 1-20,text,false,,460,129,30,30,http://localhost:9090/v1/customers,5005,0,0
1639510400964,5005,HTTP Request,429,,Customers Search 1-30,text,false,,460,129,30,30,http://localhost:9090/v1/customers,5005,0,0
1639510400965,5005,HTTP Request,429,,Customers Search 1-5,text,false,,460,129,30,30,http://localhost:9090/v1/customers,5004,0,0
1639510400965,5005,HTTP Request,429,,Customers Search 1-12,text,false,,460,129,30,30,http://localhost:9090/v1/customers,5005,0,0
1639510400968,5005,HTTP Request,429,,Customers Search 1-4,text,false,,460,129,30,30,http://localhost:9090/v1/customers,5005,0,0
1639510400972,5004,HTTP Request,429,,Customers Search 1-8,text,false,,460,129,30,30,http://localhost:9090/v1/customers,5004,0,0
1639510400974,5005,HTTP Request,429,,Customers Search 1-9,text,false,,460,129,30,30,http://localhost:9090/v1/customers,5005,0,0
1639510400975,5005,HTTP Request,429,,Customers Search 1-19,text,false,,460,129,30,30,http://localhost:9090/v1/customers,5004,0,0
1639510400977,5005,HTTP Request,429,,Customers Search 1-21,text,false,,460,129,30,30,http://localhost:9090/v1/customers,5005,0,0
1639510400985,5005,HTTP Request,429,,Customers Search 1-28,text,false,,460,129,30,30,http://localhost:9090/v1/customers,5004,0,0
1639510400987,5004,HTTP Request,429,,Customers Search 1-16,text,false,,460,129,30,30,http://localhost:9090/v1/customers,5003,0,0
1639510400987,5004,HTTP Request,429,,Customers Search 1-2,text,false,,460,129,30,30,http://localhost:9090/v1/customers,5003,0,0
1639510405855,5005,HTTP Request,429,,Customers Search 1-27,text,false,,460,129,30,30,http://localhost:9090/v1/customers,5004,0,0
1639510405855,5005,HTTP Request,429,,Customers Search 1-23,text,false,,460,129,30,30,http://localhost:9090/v1/customers,5004,0,0
1639510405855,5005,HTTP Request,429,,Customers Search 1-22,text,false,,460,129,30,30,http://localhost:9090/v1/customers,5004,0,0
1639510405862,5004,HTTP Request,429,,Customers Search 1-25,text,false,,460,129,30,30,http://localhost:9090/v1/customers,5004,0,0
1639510405864,5005,HTTP Request,429,,Customers Search 1-24,text,false,,460,129,30,30,http://localhost:9090/v1/customers,5004,0,0
1639510405867,5005,HTTP Request,429,,Customers Search 1-14,text,false,,460,129,30,30,http://localhost:9090/v1/customers,5005,0,0
1639510405879,5005,HTTP Request,429,,Customers Search 1-11,text,false,,460,129,30,30,http://localhost:9090/v1/customers,5004,0,0
1639510405887,5006,HTTP Request,429,,Customers Search 1-17,text,false,,460,129,30,30,http://localhost:9090/v1/customers,5005,0,0
1639510405887,5006,HTTP Request,429,,Customers Search 1-18,text,false,,460,129,30,30,http://localhost:9090/v1/customers,5005,0,0
1639510405901,5005,HTTP Request,429,,Customers Search 1-10,text,false,,460,129,30,30,http://localhost:9090/v1/customers,5005,0,0
1639510405914,5006,HTTP Request,429,,Customers Search 1-1,text,false,,460,129,30,30,http://localhost:9090/v1/customers,5005,0,0
1639510405916,5005,HTTP Request,429,,Customers Search 1-13,text,false,,460,129,30,30,http://localhost:9090/v1/customers,5004,0,0
1639510405916,5005,HTTP Request,429,,Customers Search 1-7,text,false,,460,129,30,30,http://localhost:9090/v1/customers,5004,0,0
1639510405923,5005,HTTP Request,429,,Customers Search 1-26,text,false,,460,129,30,30,http://localhost:9090/v1/customers,5004,0,0
1639510405925,5004,HTTP Request,429,,Customers Search 1-6,text,false,,460,129,30,30,http://localhost:9090/v1/customers,5003,0,0
1639510405943,5005,HTTP Request,429,,Customers Search 1-15,text,false,,460,129,30,30,http://localhost:9090/v1/customers,5005,0,0
1639510405950,5005,HTTP Request,429,,Customers Search 1-3,text,false,,460,129,30,30,http://localhost:9090/v1/customers,5005,0,0
1639510405953,5004,HTTP Request,429,,Customers Search 1-29,text,false,,460,129,30,30,http://localhost:9090/v1/customers,5004,0,0
1639510405967,5005,HTTP Request,429,,Customers Search 1-20,text,false,,460,129,30,30,http://localhost:9090/v1/customers,5004,0,0
1639510405971,5005,HTTP Request,429,,Customers Search 1-5,text,false,,460,129,30,30,http://localhost:9090/v1/customers,5005,0,0
1639510405971,5005,HTTP Request,429,,Customers Search 1-30,text,false,,460,129,30,30,http://localhost:9090/v1/customers,5005,0,0
1639510405972,5005,HTTP Request,429,,Customers Search 1-12,text,false,,460,129,30,30,http://localhost:9090/v1/customers,5004,0,0
1639510405974,5006,HTTP Request,429,,Customers Search 1-4,text,false,,460,129,30,30,http://localhost:9090/v1/customers,5005,0,0
1639510405977,5006,HTTP Request,429,,Customers Search 1-8,text,false,,460,129,30,30,http://localhost:9090/v1/customers,5005,0,0
1639510405981,5004,HTTP Request,429,,Customers Search 1-9,text,false,,460,129,30,30,http://localhost:9090/v1/customers,5004,0,0
1639510405981,5005,HTTP Request,429,,Customers Search 1-19,text,false,,460,129,30,30,http://localhost:9090/v1/customers,5005,0,0
1639510405984,5004,HTTP Request,429,,Customers Search 1-21,text,false,,460,129,30,30,http://localhost:9090/v1/customers,5004,0,0
1639510405991,5005,HTTP Request,429,,Customers Search 1-28,text,false,,460,129,30,30,http://localhost:9090/v1/customers,5004,0,0
1639510405992,5004,HTTP Request,429,,Customers Search 1-2,text,false,,460,129,30,30,http://localhost:9090/v1/customers,5003,0,0
1639510405992,5004,HTTP Request,429,,Customers Search 1-16,text,false,,460,129,30,30,http://localhost:9090/v1/customers,5003,0,0
1639510410860,5006,HTTP Request,429,,Customers Search 1-27,text,false,,460,129,30,30,http://localhost:9090/v1/customers,5005,0,0
1639510410860,5006,HTTP Request,429,,Customers Search 1-22,text,false,,460,129,30,30,http://localhost:9090/v1/customers,5005,0,0
1639510410860,5006,HTTP Request,429,,Customers Search 1-23,text,false,,460,129,30,30,http://localhost:9090/v1/customers,5005,0,0
1639510410867,5005,HTTP Request,429,,Customers Search 1-25,text,false,,460,129,30,30,http://localhost:9090/v1/customers,5004,0,0
1639510410869,5005,HTTP Request,429,,Customers Search 1-24,text,false,,460,129,30,30,http://localhost:9090/v1/customers,5004,0,0
1639510410873,5005,HTTP Request,429,,Customers Search 1-14,text,false,,460,129,30,30,http://localhost:9090/v1/customers,5004,0,0
1639510410884,5005,HTTP Request,429,,Customers Search 1-11,text,false,,460,129,30,30,http://localhost:9090/v1/customers,5004,0,0
1639510410893,5005,HTTP Request,429,,Customers Search 1-17,text,false,,460,129,30,30,http://localhost:9090/v1/customers,5004,0,0
1639510410893,5005,HTTP Request,429,,Customers Search 1-18,text,false,,460,129,30,30,http://localhost:9090/v1/customers,5004,0,0
1639510410907,5005,HTTP Request,429,,Customers Search 1-10,text,false,,460,129,30,30,http://localhost:9090/v1/customers,5004,0,0
1639510410920,5005,HTTP Request,429,,Customers Search 1-1,text,false,,460,129,30,30,http://localhost:9090/v1/customers,5005,0,0
1639510410921,5004,HTTP Request,429,,Customers Search 1-13,text,false,,460,129,30,30,http://localhost:9090/v1/customers,5004,0,0
1639510410921,5004,HTTP Request,429,,Customers Search 1-7,text,false,,460,129,30,30,http://localhost:9090/v1/customers,5004,0,0
1639510410928,5005,HTTP Request,429,,Customers Search 1-26,text,false,,460,129,30,30,http://localhost:9090/v1/customers,5004,0,0
1639510410929,5004,HTTP Request,429,,Customers Search 1-6,text,false,,460,129,30,30,http://localhost:9090/v1/customers,5004,0,0
1639510410949,5004,HTTP Request,429,,Customers Search 1-15,text,false,,460,129,30,30,http://localhost:9090/v1/customers,5004,0,0
1639510410955,5005,HTTP Request,429,,Customers Search 1-3,text,false,,460,129,30,30,http://localhost:9090/v1/customers,5004,0,0
1639510410957,5005,HTTP Request,429,,Customers Search 1-29,text,false,,460,129,30,30,http://localhost:9090/v1/customers,5004,0,0
1639510410972,5005,HTTP Request,429,,Customers Search 1-20,text,false,,460,129,30,30,http://localhost:9090/v1/customers,5005,0,0
1639510410977,5005,HTTP Request,429,,Customers Search 1-5,text,false,,460,129,30,30,http://localhost:9090/v1/customers,5005,0,0
1639510410977,5005,HTTP Request,429,,Customers Search 1-12,text,false,,460,129,30,30,http://localhost:9090/v1/customers,5005,0,0
1639510410977,5006,HTTP Request,429,,Customers Search 1-30,text,false,,460,129,30,30,http://localhost:9090/v1/customers,5005,0,0
1639510410980,5006,HTTP Request,429,,Customers Search 1-4,text,false,,460,129,30,30,http://localhost:9090/v1/customers,5005,0,0
1639510410983,5006,HTTP Request,429,,Customers Search 1-8,text,false,,460,129,30,30,http://localhost:9090/v1/customers,5005,0,0
1639510410986,5004,HTTP Request,429,,Customers Search 1-9,text,false,,460,129,30,30,http://localhost:9090/v1/customers,5003,0,0
1639510410987,5004,HTTP Request,429,,Customers Search 1-19,text,false,,460,129,30,30,http://localhost:9090/v1/customers,5004,0,0
1639510410989,5004,HTTP Request,429,,Customers Search 1-21,text,false,,460,129,30,30,http://localhost:9090/v1/customers,5003,0,0
1639510410996,5004,HTTP Request,429,,Customers Search 1-16,text,false,,460,129,30,30,http://localhost:9090/v1/customers,5003,0,0
1639510410996,5004,HTTP Request,429,,Customers Search 1-28,text,false,,460,129,30,30,http://localhost:9090/v1/customers,5003,0,0
1639510410996,5004,HTTP Request,429,,Customers Search 1-2,text,false,,460,129,30,30,http://localhost:9090/v1/customers,5003,0,0
1639510415897,727,HTTP Request,200,,Customers Search 1-17,text,true,,1715,129,30,30,http://localhost:9090/v1/customers,726,0,0
1639510415933,693,HTTP Request,200,,Customers Search 1-6,text,true,,1715,129,30,30,http://localhost:9090/v1/customers,693,0,0
1639510415976,657,HTTP Request,200,,Customers Search 1-20,text,true,,1715,129,30,30,http://localhost:9090/v1/customers,656,0,0
1639510415988,648,HTTP Request,200,,Customers Search 1-8,text,true,,1715,129,30,30,http://localhost:9090/v1/customers,647,0,0
1639510415925,716,HTTP Request,200,,Customers Search 1-13,text,true,,1715,129,30,30,http://localhost:9090/v1/customers,715,0,0
1639510415999,651,HTTP Request,200,,Customers Search 1-28,text,true,,1715,129,30,30,http://localhost:9090/v1/customers,634,0,0
1639510415992,660,HTTP Request,200,,Customers Search 1-21,text,true,,1715,129,30,30,http://localhost:9090/v1/customers,659,0,0
1639510415959,706,HTTP Request,200,,Customers Search 1-3,text,true,,1715,129,30,30,http://localhost:9090/v1/customers,684,0,0
1639510415888,778,HTTP Request,200,,Customers Search 1-11,text,true,,1715,129,30,30,http://localhost:9090/v1/customers,778,0,0
1639510415999,670,HTTP Request,200,,Customers Search 1-2,text,true,,1715,129,30,30,http://localhost:9090/v1/customers,669,0,0
1639510415982,691,HTTP Request,200,,Customers Search 1-12,text,true,,1715,129,30,30,http://localhost:9090/v1/customers,689,0,0
1639510415865,809,HTTP Request,200,,Customers Search 1-22,text,true,,1715,129,30,30,http://localhost:9090/v1/customers,808,0,0
1639510415953,727,HTTP Request,200,,Customers Search 1-15,text,true,,1715,129,30,30,http://localhost:9090/v1/customers,726,0,0
1639510416636,48,HTTP Request,200,,Customers Search 1-8,text,true,,1715,129,30,30,http://localhost:9090/v1/customers,47,0,0
1639510415925,766,HTTP Request,200,,Customers Search 1-1,text,true,,1715,129,30,30,http://localhost:9090/v1/customers,756,0,0
1639510415925,780,HTTP Request,200,,Customers Search 1-7,text,true,,1715,129,30,30,http://localhost:9090/v1/customers,779,0,0
1639510415989,718,HTTP Request,200,,Customers Search 1-9,text,true,,1715,129,30,30,http://localhost:9090/v1/customers,717,0,0
1639510415982,728,HTTP Request,200,,Customers Search 1-5,text,true,,1715,129,30,30,http://localhost:9090/v1/customers,720,0,0
1639510415877,837,HTTP Request,200,,Customers Search 1-14,text,true,,1715,129,30,30,http://localhost:9090/v1/customers,835,0,0
1639510415873,850,HTTP Request,200,,Customers Search 1-24,text,true,,1715,129,30,30,http://localhost:9090/v1/customers,849,0,0
1639510415991,733,HTTP Request,200,,Customers Search 1-19,text,true,,1715,129,30,30,http://localhost:9090/v1/customers,721,0,0
1639510415865,860,HTTP Request,200,,Customers Search 1-27,text,true,,1715,129,30,30,http://localhost:9090/v1/customers,859,0,0
1639510415999,733,HTTP Request,200,,Customers Search 1-16,text,true,,1715,129,30,30,http://localhost:9090/v1/customers,711,0,0
1639510415897,837,HTTP Request,200,,Customers Search 1-18,text,true,,1715,129,30,30,http://localhost:9090/v1/customers,835,0,0
1639510415932,802,HTTP Request,200,,Customers Search 1-26,text,true,,1715,129,30,30,http://localhost:9090/v1/customers,799,0,0
1639510415871,869,HTTP Request,200,,Customers Search 1-25,text,true,,1715,129,30,30,http://localhost:9090/v1/customers,869,0,0
1639510415865,882,HTTP Request,200,,Customers Search 1-23,text,true,,1715,129,30,30,http://localhost:9090/v1/customers,876,0,0
1639510415985,769,HTTP Request,200,,Customers Search 1-4,text,true,,1715,129,30,30,http://localhost:9090/v1/customers,768,0,0
1639510416624,133,HTTP Request,200,,Customers Search 1-17,text,true,,1715,129,30,30,http://localhost:9090/v1/customers,132,0,0
1639510415961,800,HTTP Request,200,,Customers Search 1-29,text,true,,1715,129,30,30,http://localhost:9090/v1/customers,799,0,0
1639510415982,783,HTTP Request,200,,Customers Search 1-30,text,true,,1715,129,30,30,http://localhost:9090/v1/customers,768,0,0
1639510416626,143,HTTP Request,200,,Customers Search 1-6,text,true,,1715,129,30,30,http://localhost:9090/v1/customers,142,0,0
1639510416641,135,HTTP Request,200,,Customers Search 1-13,text,true,,1715,129,30,30,http://localhost:9090/v1/customers,134,0,0
1639510415911,869,HTTP Request,200,,Customers Search 1-10,text,true,,1715,129,30,30,http://localhost:9090/v1/customers,857,0,0
1639510416670,116,HTTP Request,200,,Customers Search 1-2,text,true,,1715,129,30,30,http://localhost:9090/v1/customers,107,0,0
1639510416650,140,HTTP Request,200,,Customers Search 1-28,text,true,,1715,129,30,30,http://localhost:9090/v1/customers,139,0,0
1639510416633,159,HTTP Request,200,,Customers Search 1-20,text,true,,1715,129,30,30,http://localhost:9090/v1/customers,158,0,0
1639510416673,122,HTTP Request,200,,Customers Search 1-12,text,true,,1715,129,30,30,http://localhost:9090/v1/customers,121,0,0
1639510416652,144,HTTP Request,200,,Customers Search 1-21,text,true,,1715,129,30,30,http://localhost:9090/v1/customers,144,0,0
1639510416665,142,HTTP Request,200,,Customers Search 1-3,text,true,,1715,129,30,30,http://localhost:9090/v1/customers,141,0,0
1639510416667,143,HTTP Request,200,,Customers Search 1-11,text,true,,1715,129,30,30,http://localhost:9090/v1/customers,142,0,0
1639510416680,139,HTTP Request,200,,Customers Search 1-15,text,true,,1715,129,30,30,http://localhost:9090/v1/customers,137,0,0
1639510416674,149,HTTP Request,200,,Customers Search 1-22,text,true,,1715,129,30,30,http://localhost:9090/v1/customers,148,0,0
1639510416707,127,HTTP Request,200,,Customers Search 1-9,text,true,,1715,129,30,30,http://localhost:9090/v1/customers,116,0,0
1639510416706,130,HTTP Request,200,,Customers Search 1-7,text,true,,1715,129,30,30,http://localhost:9090/v1/customers,130,0,0
1639510416684,161,HTTP Request,200,,Customers Search 1-8,text,true,,1715,129,30,30,http://localhost:9090/v1/customers,160,0,0
1639510416724,121,HTTP Request,200,,Customers Search 1-24,text,true,,1715,129,30,30,http://localhost:9090/v1/customers,120,0,0
1639510416734,115,HTTP Request,200,,Customers Search 1-18,text,true,,1715,129,30,30,http://localhost:9090/v1/customers,115,0,0
1639510416724,130,HTTP Request,200,,Customers Search 1-19,text,true,,1715,129,30,30,http://localhost:9090/v1/customers,119,0,0
1639510416710,154,HTTP Request,200,,Customers Search 1-5,text,true,,1715,129,30,30,http://localhost:9090/v1/customers,152,0,0
1639510416691,174,HTTP Request,200,,Customers Search 1-1,text,true,,1715,129,30,30,http://localhost:9090/v1/customers,173,0,0
1639510416747,125,HTTP Request,200,,Customers Search 1-23,text,true,,1715,129,30,30,http://localhost:9090/v1/customers,124,0,0
1639510416714,179,HTTP Request,200,,Customers Search 1-14,text,true,,1715,129,30,30,http://localhost:9090/v1/customers,178,0,0
1639510416734,164,HTTP Request,200,,Customers Search 1-26,text,true,,1715,129,30,30,http://localhost:9090/v1/customers,163,0,0
1639510416755,150,HTTP Request,200,,Customers Search 1-4,text,true,,1715,129,30,30,http://localhost:9090/v1/customers,139,0,0
1639510416725,183,HTTP Request,200,,Customers Search 1-27,text,true,,1715,129,30,30,http://localhost:9090/v1/customers,166,0,0
1639510416761,158,HTTP Request,200,,Customers Search 1-29,text,true,,1715,129,30,30,http://localhost:9090/v1/customers,156,0,0
1639510416732,189,HTTP Request,200,,Customers Search 1-16,text,true,,1715,129,30,30,http://localhost:9090/v1/customers,188,0,0
1639510416741,180,HTTP Request,200,,Customers Search 1-25,text,true,,1715,129,30,30,http://localhost:9090/v1/customers,179,0,0
1639510416757,174,HTTP Request,200,,Customers Search 1-17,text,true,,1715,129,30,30,http://localhost:9090/v1/customers,170,0,0
1639510416776,162,HTTP Request,200,,Customers Search 1-13,text,true,,1715,129,30,30,http://localhost:9090/v1/customers,157,0,0
1639510416770,170,HTTP Request,200,,Customers Search 1-6,text,true,,1715,129,30,30,http://localhost:9090/v1/customers,168,0,0
1639510416786,159,HTTP Request,200,,Customers Search 1-2,text,true,,1715,129,30,30,http://localhost:9090/v1/customers,159,0,0
1639510416780,173,HTTP Request,200,,Customers Search 1-10,text,true,,1715,129,30,30,http://localhost:9090/v1/customers,172,0,0
1639510416765,190,HTTP Request,200,,Customers Search 1-30,text,true,,1715,129,30,30,http://localhost:9090/v1/customers,190,0,0
1639510416807,161,HTTP Request,200,,Customers Search 1-3,text,true,,1715,129,30,30,http://localhost:9090/v1/customers,161,0,0
1639510416795,176,HTTP Request,200,,Customers Search 1-12,text,true,,1715,129,30,30,http://localhost:9090/v1/customers,176,0,0
1639510416790,181,HTTP Request,200,,Customers Search 1-28,text,true,,1715,129,30,30,http://localhost:9090/v1/customers,181,0,0
1639510416810,164,HTTP Request,200,,Customers Search 1-11,text,true,,1715,129,30,30,http://localhost:9090/v1/customers,163,0,0
1639510416819,155,HTTP Request,200,,Customers Search 1-15,text,true,,1715,129,30,30,http://localhost:9090/v1/customers,155,0,0
1639510416792,187,HTTP Request,200,,Customers Search 1-20,text,true,,1715,129,30,30,http://localhost:9090/v1/customers,186,0,0
1639510416796,185,HTTP Request,200,,Customers Search 1-21,text,true,,1715,129,30,30,http://localhost:9090/v1/customers,184,0,0
1639510416824,166,HTTP Request,200,,Customers Search 1-22,text,true,,1715,129,30,30,http://localhost:9090/v1/customers,165,0,0
1639510416837,159,HTTP Request,200,,Customers Search 1-7,text,true,,1715,129,30,30,http://localhost:9090/v1/customers,158,0,0
1639510416850,156,HTTP Request,200,,Customers Search 1-18,text,true,,1715,129,30,30,http://localhost:9090/v1/customers,155,0,0
1639510416834,174,HTTP Request,200,,Customers Search 1-9,text,true,,1715,129,30,30,http://localhost:9090/v1/customers,173,0,0
1639510416865,143,HTTP Request,200,,Customers Search 1-5,text,true,,1715,129,30,30,http://localhost:9090/v1/customers,142,0,0
1639510416873,152,HTTP Request,200,,Customers Search 1-23,text,true,,1715,129,30,30,http://localhost:9090/v1/customers,151,0,0
1639510416845,195,HTTP Request,200,,Customers Search 1-24,text,true,,1715,129,30,30,http://localhost:9090/v1/customers,195,0,0
1639510416905,135,HTTP Request,200,,Customers Search 1-4,text,true,,1715,129,30,30,http://localhost:9090/v1/customers,134,0,0
1639510416898,145,HTTP Request,200,,Customers Search 1-26,text,true,,1715,129,30,30,http://localhost:9090/v1/customers,145,0,0
1639510416865,190,HTTP Request,200,,Customers Search 1-1,text,true,,1715,129,30,30,http://localhost:9090/v1/customers,170,0,0
1639510416855,200,HTTP Request,200,,Customers Search 1-19,text,true,,1715,129,30,30,http://localhost:9090/v1/customers,199,0,0
1639510416908,156,HTTP Request,200,,Customers Search 1-27,text,true,,1715,129,30,30,http://localhost:9090/v1/customers,155,0,0
1639510416939,136,HTTP Request,200,,Customers Search 1-13,text,true,,1715,129,30,30,http://localhost:9090/v1/customers,135,0,0
1639510416845,238,HTTP Request,200,,Customers Search 1-8,text,true,,1715,129,30,30,http://localhost:9090/v1/customers,237,0,0
1639510416894,192,HTTP Request,200,,Customers Search 1-14,text,true,,1715,129,30,30,http://localhost:9090/v1/customers,191,0,0
1639510416940,147,HTTP Request,200,,Customers Search 1-6,text,true,,1715,129,30,30,http://localhost:9090/v1/customers,145,0,0
1639510416919,172,HTTP Request,200,,Customers Search 1-29,text,true,,1715,129,30,30,http://localhost:9090/v1/customers,171,0,0
1639510416946,151,HTTP Request,200,,Customers Search 1-2,text,true,,1715,129,30,30,http://localhost:9090/v1/customers,150,0,0
1639510416922,194,HTTP Request,200,,Customers Search 1-25,text,true,,1715,129,30,30,http://localhost:9090/v1/customers,171,0,0
1639510416926,210,HTTP Request,200,,Customers Search 1-16,text,true,,1715,129,30,30,http://localhost:9090/v1/customers,188,0,0
1639510416981,155,HTTP Request,200,,Customers Search 1-21,text,true,,1715,129,30,30,http://localhost:9090/v1/customers,136,0,0
1639510416953,186,HTTP Request,200,,Customers Search 1-10,text,true,,1715,129,30,30,http://localhost:9090/v1/customers,166,0,0
1639510416955,185,HTTP Request,200,,Customers Search 1-30,text,true,,1715,129,30,30,http://localhost:9090/v1/customers,168,0,0
1639510416975,166,HTTP Request,200,,Customers Search 1-15,text,true,,1715,129,30,30,http://localhost:9090/v1/customers,166,0,0
1639510416932,222,HTTP Request,200,,Customers Search 1-17,text,true,,1715,129,30,30,http://localhost:9090/v1/customers,221,0,0
1639510416969,190,HTTP Request,200,,Customers Search 1-3,text,true,,1715,129,30,30,http://localhost:9090/v1/customers,190,0,0
1639510416974,187,HTTP Request,200,,Customers Search 1-11,text,true,,1715,129,30,30,http://localhost:9090/v1/customers,187,0,0
1639510416996,173,HTTP Request,200,,Customers Search 1-7,text,true,,1715,129,30,30,http://localhost:9090/v1/customers,172,0,0
1639510416972,201,HTTP Request,200,,Customers Search 1-28,text,true,,1715,129,30,30,http://localhost:9090/v1/customers,192,0,0
1639510416979,198,HTTP Request,200,,Customers Search 1-20,text,true,,1715,129,30,30,http://localhost:9090/v1/customers,198,0,0
1639510416972,209,HTTP Request,200,,Customers Search 1-12,text,true,,1715,129,30,30,http://localhost:9090/v1/customers,208,0,0
1639510417008,177,HTTP Request,200,,Customers Search 1-9,text,true,,1715,129,30,30,http://localhost:9090/v1/customers,176,0,0
1639510417007,182,HTTP Request,200,,Customers Search 1-18,text,true,,1715,129,30,30,http://localhost:9090/v1/customers,177,0,0
1639510416991,199,HTTP Request,200,,Customers Search 1-22,text,true,,1715,129,30,30,http://localhost:9090/v1/customers,198,0,0
1639510417026,171,HTTP Request,200,,Customers Search 1-23,text,true,,1715,129,30,30,http://localhost:9090/v1/customers,170,0,0
1639510417044,166,HTTP Request,200,,Customers Search 1-26,text,true,,1715,129,30,30,http://localhost:9090/v1/customers,166,0,0
1639510417064,154,HTTP Request,200,,Customers Search 1-27,text,true,,1715,129,30,30,http://localhost:9090/v1/customers,146,0,0
1639510417040,180,HTTP Request,200,,Customers Search 1-4,text,true,,1715,129,30,30,http://localhost:9090/v1/customers,179,0,0
1639510417055,166,HTTP Request,200,,Customers Search 1-19,text,true,,1715,129,30,30,http://localhost:9090/v1/customers,164,0,0
1639510417008,216,HTTP Request,200,,Customers Search 1-5,text,true,,1715,129,30,30,http://localhost:9090/v1/customers,215,0,0
1639510417040,186,HTTP Request,200,,Customers Search 1-24,text,true,,1715,129,30,30,http://localhost:9090/v1/customers,185,0,0
1639510417091,151,HTTP Request,200,,Customers Search 1-29,text,true,,1715,129,30,30,http://localhost:9090/v1/customers,150,0,0
1639510417098,147,HTTP Request,200,,Customers Search 1-2,text,true,,1715,129,30,30,http://localhost:9090/v1/customers,146,0,0
1639510417087,166,HTTP Request,200,,Customers Search 1-6,text,true,,1715,129,30,30,http://localhost:9090/v1/customers,165,0,0
1639510417055,199,HTTP Request,200,,Customers Search 1-1,text,true,,1715,129,30,30,http://localhost:9090/v1/customers,198,0,0
1639510417083,176,HTTP Request,200,,Customers Search 1-8,text,true,,1715,129,30,30,http://localhost:9090/v1/customers,175,0,0
1639510417087,189,HTTP Request,200,,Customers Search 1-14,text,true,,1715,129,30,30,http://localhost:9090/v1/customers,188,0,0
1639510417219,62,HTTP Request,200,,Customers Search 1-27,text,true,,1715,129,30,30,http://localhost:9090/v1/customers,61,0,0
1639510417075,206,HTTP Request,200,,Customers Search 1-13,text,true,,1715,129,30,30,http://localhost:9090/v1/customers,198,0,0
1639510417154,130,HTTP Request,200,,Customers Search 1-17,text,true,,1715,129,30,30,http://localhost:9090/v1/customers,129,0,0
1639510417142,146,HTTP Request,200,,Customers Search 1-15,text,true,,1715,129,30,30,http://localhost:9090/v1/customers,129,0,0
1639510417137,151,HTTP Request,200,,Customers Search 1-16,text,true,,1715,129,30,30,http://localhost:9090/v1/customers,136,0,0
1639510417161,136,HTTP Request,200,,Customers Search 1-11,text,true,,1715,129,30,30,http://localhost:9090/v1/customers,136,0,0
1639510417225,76,HTTP Request,200,,Customers Search 1-5,text,true,,1715,129,30,30,http://localhost:9090/v1/customers,76,0,0
1639510417160,142,HTTP Request,200,,Customers Search 1-3,text,true,,1715,129,30,30,http://localhost:9090/v1/customers,141,0,0
1639510417177,127,HTTP Request,200,,Customers Search 1-20,text,true,,1715,129,30,30,http://localhost:9090/v1/customers,126,0,0
1639510417169,136,HTTP Request,200,,Customers Search 1-7,text,true,,1715,129,30,30,http://localhost:9090/v1/customers,136,0,0
1639510417139,181,HTTP Request,200,,Customers Search 1-10,text,true,,1715,129,30,30,http://localhost:9090/v1/customers,180,0,0
1639510417173,152,HTTP Request,200,,Customers Search 1-28,text,true,,1715,129,30,30,http://localhost:9090/v1/customers,152,0,0
1639510417186,143,HTTP Request,200,,Customers Search 1-9,text,true,,1715,129,30,30,http://localhost:9090/v1/customers,142,0,0
1639510417140,199,HTTP Request,200,,Customers Search 1-30,text,true,,1715,129,30,30,http://localhost:9090/v1/customers,188,0,0
1639510417190,150,HTTP Request,200,,Customers Search 1-22,text,true,,1715,129,30,30,http://localhost:9090/v1/customers,149,0,0
1639510417276,67,HTTP Request,200,,Customers Search 1-14,text,true,,1715,129,30,30,http://localhost:9090/v1/customers,66,0,0
1639510417221,123,HTTP Request,200,,Customers Search 1-19,text,true,,1715,129,30,30,http://localhost:9090/v1/customers,123,0,0
1639510417117,244,HTTP Request,200,,Customers Search 1-25,text,true,,1715,129,30,30,http://localhost:9090/v1/customers,229,0,0
1639510417211,151,HTTP Request,200,,Customers Search 1-26,text,true,,1715,129,30,30,http://localhost:9090/v1/customers,149,0,0
1639510417197,176,HTTP Request,200,,Customers Search 1-23,text,true,,1715,129,30,30,http://localhost:9090/v1/customers,175,0,0
1639510417220,153,HTTP Request,200,,Customers Search 1-4,text,true,,1715,129,30,30,http://localhost:9090/v1/customers,152,0,0
1639510417181,194,HTTP Request,200,,Customers Search 1-12,text,true,,1715,129,30,30,http://localhost:9090/v1/customers,193,0,0
1639510417226,153,HTTP Request,200,,Customers Search 1-24,text,true,,1715,129,30,30,http://localhost:9090/v1/customers,153,0,0
1639510417259,134,HTTP Request,200,,Customers Search 1-8,text,true,,1715,129,30,30,http://localhost:9090/v1/customers,133,0,0
1639510417253,140,HTTP Request,200,,Customers Search 1-6,text,true,,1715,129,30,30,http://localhost:9090/v1/customers,139,0,0
1639510417246,150,HTTP Request,200,,Customers Search 1-2,text,true,,1715,129,30,30,http://localhost:9090/v1/customers,149,0,0
1639510417242,166,HTTP Request,200,,Customers Search 1-29,text,true,,1715,129,30,30,http://localhost:9090/v1/customers,166,0,0
1639510417137,272,HTTP Request,200,,Customers Search 1-21,text,true,,1715,129,30,30,http://localhost:9090/v1/customers,268,0,0
1639510417255,160,HTTP Request,200,,Customers Search 1-1,text,true,,1715,129,30,30,http://localhost:9090/v1/customers,147,0,0
1639510417282,139,HTTP Request,200,,Customers Search 1-13,text,true,,1715,129,30,30,http://localhost:9090/v1/customers,138,0,0
1639510417302,127,HTTP Request,200,,Customers Search 1-5,text,true,,1715,129,30,30,http://localhost:9090/v1/customers,126,0,0
1639510417284,151,HTTP Request,200,,Customers Search 1-17,text,true,,1715,129,30,30,http://localhost:9090/v1/customers,138,0,0
1639510417289,149,HTTP Request,200,,Customers Search 1-16,text,true,,1715,129,30,30,http://localhost:9090/v1/customers,148,0,0
1639510417282,162,HTTP Request,200,,Customers Search 1-27,text,true,,1715,129,30,30,http://localhost:9090/v1/customers,157,0,0
1639510417305,139,HTTP Request,200,,Customers Search 1-7,text,true,,1715,129,30,30,http://localhost:9090/v1/customers,139,0,0
1639510417298,147,HTTP Request,200,,Customers Search 1-11,text,true,,1715,129,30,30,http://localhost:9090/v1/customers,147,0,0
1639510417289,166,HTTP Request,200,,Customers Search 1-15,text,true,,1715,129,30,30,http://localhost:9090/v1/customers,166,0,0
1639510417320,135,HTTP Request,200,,Customers Search 1-10,text,true,,1715,129,30,30,http://localhost:9090/v1/customers,135,0,0
1639510417302,155,HTTP Request,200,,Customers Search 1-3,text,true,,1715,129,30,30,http://localhost:9090/v1/customers,146,0,0
1639510417189,274,HTTP Request,200,,Customers Search 1-18,text,true,,1715,129,30,30,http://localhost:9090/v1/customers,273,0,0
1639510417304,170,HTTP Request,200,,Customers Search 1-20,text,true,,1715,129,30,30,http://localhost:9090/v1/customers,169,0,0
1639510417329,149,HTTP Request,200,,Customers Search 1-9,text,true,,1715,129,30,30,http://localhost:9090/v1/customers,148,0,0
1639510417345,138,HTTP Request,200,,Customers Search 1-19,text,true,,1715,129,30,30,http://localhost:9090/v1/customers,137,0,0
1639510417325,161,HTTP Request,200,,Customers Search 1-28,text,true,,1715,129,30,30,http://localhost:9090/v1/customers,161,0,0
1639510417343,149,HTTP Request,200,,Customers Search 1-14,text,true,,1715,129,30,30,http://localhost:9090/v1/customers,145,0,0
1639510417340,158,HTTP Request,200,,Customers Search 1-22,text,true,,1715,129,30,30,http://localhost:9090/v1/customers,157,0,0
1639510417362,140,HTTP Request,200,,Customers Search 1-26,text,true,,1715,129,30,30,http://localhost:9090/v1/customers,139,0,0
1639510417339,165,HTTP Request,200,,Customers Search 1-30,text,true,,1715,129,30,30,http://localhost:9090/v1/customers,165,0,0
1639510417373,144,HTTP Request,200,,Customers Search 1-4,text,true,,1715,129,30,30,http://localhost:9090/v1/customers,142,0,0
1639510417361,156,HTTP Request,200,,Customers Search 1-25,text,true,,1715,129,30,30,http://localhost:9090/v1/customers,152,0,0
1639510417373,148,HTTP Request,200,,Customers Search 1-23,text,true,,1715,129,30,30,http://localhost:9090/v1/customers,148,0,0
1639510417376,146,HTTP Request,200,,Customers Search 1-12,text,true,,1715,129,30,30,http://localhost:9090/v1/customers,142,0,0
1639510417396,138,HTTP Request,200,,Customers Search 1-2,text,true,,1715,129,30,30,http://localhost:9090/v1/customers,136,0,0
1639510417379,157,HTTP Request,200,,Customers Search 1-24,text,true,,1715,129,30,30,http://localhost:9090/v1/customers,156,0,0
1639510417393,144,HTTP Request,200,,Customers Search 1-8,text,true,,1715,129,30,30,http://localhost:9090/v1/customers,143,0,0
1639510417483,54,HTTP Request,200,,Customers Search 1-19,text,true,,1715,129,30,30,http://localhost:9090/v1/customers,53,0,0
1639510417408,133,HTTP Request,200,,Customers Search 1-29,text,true,,1715,129,30,30,http://localhost:9090/v1/customers,133,0,0
1639510417415,132,HTTP Request,200,,Customers Search 1-1,text,true,,1715,129,30,30,http://localhost:9090/v1/customers,132,0,0
1639510417429,127,HTTP Request,200,,Customers Search 1-5,text,true,,1715,129,30,30,http://localhost:9090/v1/customers,127,0,0
1639510417446,124,HTTP Request,200,,Customers Search 1-11,text,true,,1715,129,30,30,http://localhost:9090/v1/customers,123,0,0
1639510417409,164,HTTP Request,200,,Customers Search 1-21,text,true,,1715,129,30,30,http://localhost:9090/v1/customers,164,0,0
1639510417517,58,HTTP Request,200,,Customers Search 1-4,text,true,,1715,129,30,30,http://localhost:9090/v1/customers,55,0,0
1639510417455,125,HTTP Request,200,,Customers Search 1-15,text,true,,1715,129,30,30,http://localhost:9090/v1/customers,124,0,0
1639510417421,167,HTTP Request,200,,Customers Search 1-13,text,true,,1715,129,30,30,http://localhost:9090/v1/customers,167,0,0
1639510417445,150,HTTP Request,200,,Customers Search 1-7,text,true,,1715,129,30,30,http://localhost:9090/v1/customers,149,0,0
1639510417444,154,HTTP Request,200,,Customers Search 1-27,text,true,,1715,129,30,30,http://localhost:9090/v1/customers,154,0,0
1639510417475,125,HTTP Request,200,,Customers Search 1-20,text,true,,1715,129,30,30,http://localhost:9090/v1/customers,124,0,0
1639510417455,145,HTTP Request,200,,Customers Search 1-10,text,true,,1715,129,30,30,http://localhost:9090/v1/customers,144,0,0
1639510417438,168,HTTP Request,200,,Customers Search 1-16,text,true,,1715,129,30,30,http://localhost:9090/v1/customers,168,0,0
1639510417393,228,HTTP Request,200,,Customers Search 1-6,text,true,,1715,129,30,30,http://localhost:9090/v1/customers,227,0,0
1639510417457,174,HTTP Request,200,,Customers Search 1-3,text,true,,1715,129,30,30,http://localhost:9090/v1/customers,173,0,0
1639510417435,200,HTTP Request,200,,Customers Search 1-17,text,true,,1715,129,30,30,http://localhost:9090/v1/customers,199,0,0
1639510417502,140,HTTP Request,200,,Customers Search 1-26,text,true,,1715,129,30,30,http://localhost:9090/v1/customers,140,0,0
1639510417499,146,HTTP Request,200,,Customers Search 1-22,text,true,,1715,129,30,30,http://localhost:9090/v1/customers,145,0,0
1639510417487,159,HTTP Request,200,,Customers Search 1-28,text,true,,1715,129,30,30,http://localhost:9090/v1/customers,156,0,0
1639510417505,143,HTTP Request,200,,Customers Search 1-30,text,true,,1715,129,30,30,http://localhost:9090/v1/customers,143,0,0
1639510417478,175,HTTP Request,200,,Customers Search 1-9,text,true,,1715,129,30,30,http://localhost:9090/v1/customers,175,0,0
1639510417493,161,HTTP Request,200,,Customers Search 1-14,text,true,,1715,129,30,30,http://localhost:9090/v1/customers,161,0,0
1639510417463,196,HTTP Request,200,,Customers Search 1-18,text,true,,1715,129,30,30,http://localhost:9090/v1/customers,195,0,0
1639510417517,144,HTTP Request,200,,Customers Search 1-25,text,true,,1715,129,30,30,http://localhost:9090/v1/customers,143,0,0
1639510417522,143,HTTP Request,200,,Customers Search 1-23,text,true,,1715,129,30,30,http://localhost:9090/v1/customers,142,0,0
1639510417523,5012,HTTP Request,429,,Customers Search 1-12,text,false,,460,129,30,30,http://localhost:9090/v1/customers,5011,0,0
1639510417537,5004,HTTP Request,429,,Customers Search 1-19,text,false,,460,129,29,29,http://localhost:9090/v1/customers,5004,0,0
1639510417536,5005,HTTP Request,429,,Customers Search 1-24,text,false,,460,129,29,29,http://localhost:9090/v1/customers,5005,0,0
1639510417535,5006,HTTP Request,429,,Customers Search 1-2,text,false,,460,129,29,29,http://localhost:9090/v1/customers,5006,0,0
1639510417537,5007,HTTP Request,429,,Customers Search 1-8,text,false,,460,129,27,27,http://localhost:9090/v1/customers,5006,0,0
1639510417542,5003,HTTP Request,429,,Customers Search 1-29,text,false,,460,129,26,26,http://localhost:9090/v1/customers,5003,0,0
1639510417548,5004,HTTP Request,429,,Customers Search 1-1,text,false,,460,129,26,26,http://localhost:9090/v1/customers,5003,0,0
1639510417557,5012,HTTP Request,429,,Customers Search 1-5,text,false,,460,129,26,26,http://localhost:9090/v1/customers,5012,0,0
1639510417571,5004,HTTP Request,429,,Customers Search 1-11,text,false,,460,129,25,25,http://localhost:9090/v1/customers,5004,0,0
1639510417574,5003,HTTP Request,429,,Customers Search 1-21,text,false,,460,129,24,24,http://localhost:9090/v1/customers,5003,0,0
1639510417575,5005,HTTP Request,429,,Customers Search 1-4,text,false,,460,129,24,24,http://localhost:9090/v1/customers,5004,0,0
1639510417580,5005,HTTP Request,429,,Customers Search 1-15,text,false,,460,129,23,23,http://localhost:9090/v1/customers,5004,0,0
1639510417589,5004,HTTP Request,429,,Customers Search 1-13,text,false,,460,129,22,22,http://localhost:9090/v1/customers,5003,0,0
1639510417595,5005,HTTP Request,429,,Customers Search 1-7,text,false,,460,129,21,21,http://localhost:9090/v1/customers,5004,0,0
1639510417600,5004,HTTP Request,429,,Customers Search 1-20,text,false,,460,129,20,20,http://localhost:9090/v1/customers,5003,0,0
1639510417599,5005,HTTP Request,429,,Customers Search 1-27,text,false,,460,129,20,20,http://localhost:9090/v1/customers,5004,0,0
1639510417606,5005,HTTP Request,429,,Customers Search 1-16,text,false,,460,129,19,19,http://localhost:9090/v1/customers,5005,0,0
1639510417600,5013,HTTP Request,429,,Customers Search 1-10,text,false,,460,129,19,19,http://localhost:9090/v1/customers,5012,0,0
1639510417621,5003,HTTP Request,429,,Customers Search 1-6,text,false,,460,129,19,19,http://localhost:9090/v1/customers,5003,0,0
1639510417631,5004,HTTP Request,429,,Customers Search 1-3,text,false,,460,129,18,18,http://localhost:9090/v1/customers,5003,0,0
1639510417635,5004,HTTP Request,429,,Customers Search 1-17,text,false,,460,129,17,17,http://localhost:9090/v1/customers,5004,0,0
1639510417643,5004,HTTP Request,429,,Customers Search 1-26,text,false,,460,129,17,17,http://localhost:9090/v1/customers,5004,0,0
1639510417645,5005,HTTP Request,429,,Customers Search 1-22,text,false,,460,129,17,17,http://localhost:9090/v1/customers,5004,0,0
1639510417646,5006,HTTP Request,429,,Customers Search 1-28,text,false,,460,129,17,17,http://localhost:9090/v1/customers,5006,0,0
1639510417648,5005,HTTP Request,429,,Customers Search 1-30,text,false,,460,129,16,16,http://localhost:9090/v1/customers,5004,0,0
1639510417653,5004,HTTP Request,429,,Customers Search 1-9,text,false,,460,129,16,16,http://localhost:9090/v1/customers,5004,0,0
1639510417655,5004,HTTP Request,429,,Customers Search 1-14,text,false,,460,129,15,15,http://localhost:9090/v1/customers,5003,0,0
1639510417659,5004,HTTP Request,429,,Customers Search 1-18,text,false,,460,129,15,15,http://localhost:9090/v1/customers,5003,0,0
1639510417661,5004,HTTP Request,429,,Customers Search 1-25,text,false,,460,129,15,15,http://localhost:9090/v1/customers,5003,0,0
1639510417665,5005,HTTP Request,429,,Customers Search 1-23,text,false,,460,129,15,15,http://localhost:9090/v1/customers,5004,0,0
1639510422541,5006,HTTP Request,429,,Customers Search 1-24,text,false,,460,129,15,15,http://localhost:9090/v1/customers,5005,0,0
1639510422546,5004,HTTP Request,429,,Customers Search 1-29,text,false,,460,129,15,15,http://localhost:9090/v1/customers,5003,0,0
1639510422552,5004,HTTP Request,429,,Customers Search 1-1,text,false,,460,129,15,15,http://localhost:9090/v1/customers,5003,0,0
1639510422577,5006,HTTP Request,429,,Customers Search 1-21,text,false,,460,129,14,14,http://localhost:9090/v1/customers,5005,0,0
1639510422604,5005,HTTP Request,429,,Customers Search 1-27,text,false,,460,129,13,13,http://localhost:9090/v1/customers,5004,0,0
1639510422612,5005,HTTP Request,429,,Customers Search 1-16,text,false,,460,129,12,12,http://localhost:9090/v1/customers,5004,0,0
1639510422613,5006,HTTP Request,429,,Customers Search 1-10,text,false,,460,129,11,11,http://localhost:9090/v1/customers,5005,0,0
1639510422640,5004,HTTP Request,429,,Customers Search 1-17,text,false,,460,129,10,10,http://localhost:9090/v1/customers,5003,0,0
1639510422647,5006,HTTP Request,429,,Customers Search 1-26,text,false,,460,129,9,9,http://localhost:9090/v1/customers,5005,0,0
1639510422650,5005,HTTP Request,429,,Customers Search 1-22,text,false,,460,129,8,8,http://localhost:9090/v1/customers,5004,0,0
1639510422653,5004,HTTP Request,429,,Customers Search 1-30,text,false,,460,129,7,7,http://localhost:9090/v1/customers,5004,0,0
1639510422659,5004,HTTP Request,429,,Customers Search 1-14,text,false,,460,129,7,7,http://localhost:9090/v1/customers,5004,0,0
1639510422663,5005,HTTP Request,429,,Customers Search 1-18,text,false,,460,129,6,6,http://localhost:9090/v1/customers,5005,0,0
1639510422665,5005,HTTP Request,429,,Customers Search 1-25,text,false,,460,129,5,5,http://localhost:9090/v1/customers,5005,0,0
1639510422670,5004,HTTP Request,429,,Customers Search 1-23,text,false,,460,129,5,5,http://localhost:9090/v1/customers,5004,0,0
1639510427551,5003,HTTP Request,429,,Customers Search 1-29,text,false,,460,129,4,4,http://localhost:9090/v1/customers,5003,0,0
1639510427547,5007,HTTP Request,429,,Customers Search 1-24,text,false,,460,129,4,4,http://localhost:9090/v1/customers,5007,0,0
1639510427657,5004,HTTP Request,429,,Customers Search 1-30,text,false,,460,129,2,2,http://localhost:9090/v1/customers,5004,0,0
1639510427671,5004,HTTP Request,429,,Customers Search 1-25,text,false,,460,129,2,2,http://localhost:9090/v1/customers,5003,0,0
1639510432662,5004,HTTP Request,429,,Customers Search 1-30,text,false,,460,129,1,1,http://localhost:9090/v1/customers,5004,0,0
